id,farmer_id,entry_date,entry_type,reference_type,reference_id,debit,credit,balance_after,description,data_source
554de6c2-9ba5-5ef2-996f-148cf8cb5ac7,1a72d6d2-3a5e-5d1e-afcb-7cbd0c3a98a2,2026-06-09,procurement,procurement,f49bc5be-c8d9-51a4-ad13-05721abfeb5d,19330.45,0.00,19330.45,SYNTHETIC procurement SYN-PROC-2026-0001,synthetic
6d9ea615-38bc-5d8c-8f3d-f3833f8588ff,dbd2937a-c59d-5a9d-a0fb-76f4cf8398a2,2026-01-07,procurement,procurement,8c617ca7-f5b2-5994-abcf-c7ba1d7ab997,19593.05,0.00,19593.05,SYNTHETIC procurement SYN-PROC-2026-0002,synthetic
07cf6c51-b65e-5719-a0f0-b9b0fa28d187,2710acc5-cd4c-5876-ad24-d5416cd040b5,2026-03-26,procurement,procurement,78387366-bb75-57b9-9ddb-a744b7cbc898,5649.59,0.00,5649.59,SYNTHETIC procurement SYN-PROC-2026-0003,synthetic
cd5dd312-25d6-5acc-95a4-1a766471c3c5,a7912009-53e9-5087-9ae4-f84f5f952c82,2026-01-13,procurement,procurement,2a6feb6e-28ba-5844-8d20-eb61d3e15a98,10915.05,0.00,10915.05,SYNTHETIC procurement SYN-PROC-2026-0004,synthetic
7b1f1cec-0d48-5662-9b8b-4371a4b36236,b46ad471-88b4-5059-af95-a2291bb6b93f,2026-04-03,procurement,procurement,2007d9e3-53c9-5c39-a4fa-b588e7f073c6,37072.92,0.00,37072.92,SYNTHETIC procurement SYN-PROC-2026-0005,synthetic
d429cff5-b620-557f-b2f7-4ca1217645ad,e23f1a83-3a70-5313-b980-1dc1a498a8f3,2026-02-25,procurement,procurement,3229d067-9932-5e7f-942c-4de28aafe96d,27583.76,0.00,27583.76,SYNTHETIC procurement SYN-PROC-2026-0006,synthetic
a256c79d-9372-5159-94d2-374c11eafc8e,d79ad6b7-b73e-54c2-9ea1-822bb4d4554e,2026-03-07,procurement,procurement,c7cc6180-604b-55f6-8c05-032f31f24b85,22355.28,0.00,22355.28,SYNTHETIC procurement SYN-PROC-2026-0007,synthetic
f4f437a0-ddde-5d90-b987-a7877aab1003,d3672b5a-1ab8-5a43-86e4-2f1f8a684393,2026-04-09,procurement,procurement,70b5f607-cd5e-5177-8c0d-493c543ff1be,40923.89,0.00,40923.89,SYNTHETIC procurement SYN-PROC-2026-0008,synthetic
5ae2dbc3-eb21-54d0-a42c-cc2df22d2ca7,4f82da27-704a-56cf-99b4-1c72eb8cafd6,2026-01-07,procurement,procurement,659afb11-9829-53de-8bb7-d35fd10b5425,25293.90,0.00,25293.90,SYNTHETIC procurement SYN-PROC-2026-0009,synthetic
96d5148f-7196-558d-86c8-3ac077a3aad6,931f529a-503d-533c-bec3-adb440066644,2026-01-25,procurement,procurement,745be72c-02c6-51e8-a076-6ba8dedf52e2,8864.27,0.00,8864.27,SYNTHETIC procurement SYN-PROC-2026-0011,synthetic
76696693-e101-5a04-a4dd-2eda9d351959,b9a7b8f1-c7d2-59de-976e-c64fa2dbf2ef,2026-04-17,procurement,procurement,13ba027f-3463-56e0-a391-ffb3e860fb9a,22214.16,0.00,22214.16,SYNTHETIC procurement SYN-PROC-2026-0012,synthetic
7794d96a-6eef-5721-ab92-780aa8c68901,e1718eba-bbf2-599a-a144-583cf98a23d3,2026-06-11,procurement,procurement,dc1da81e-0ae0-5d13-9da9-c490ac74856b,9731.58,0.00,9731.58,SYNTHETIC procurement SYN-PROC-2026-0013,synthetic
b6a6067c-bab1-5ec3-a100-e4c2858c590f,9e0bcbe3-5678-5b4b-a6a5-64520cb23ff4,2026-05-04,procurement,procurement,37e0410e-cc5e-5081-b4cb-68e19326a54c,23034.94,0.00,23034.94,SYNTHETIC procurement SYN-PROC-2026-0014,synthetic
ca8588aa-89c2-523b-a59a-ce057ce4fd84,fd7b88af-a07a-5185-8b8f-ef310c498b74,2026-01-20,procurement,procurement,e67864bd-3bd7-51ce-9641-9b5389d8f47f,22520.27,0.00,22520.27,SYNTHETIC procurement SYN-PROC-2026-0015,synthetic
3dc8fcc0-0f1b-5123-827c-59d7c7a68a35,d3672b5a-1ab8-5a43-86e4-2f1f8a684393,2026-05-03,procurement,procurement,b65233c2-fd59-5d9b-bf55-d575c1747e92,11461.34,0.00,52385.23,SYNTHETIC procurement SYN-PROC-2026-0016,synthetic
e34b6581-a28c-5136-abb4-88eb8f12f5b5,62da20c7-3d66-5a59-8ced-4312314e393c,2026-05-06,procurement,procurement,1f64c97a-fee7-5fc5-8931-f0adc2397093,23008.88,0.00,23008.88,SYNTHETIC procurement SYN-PROC-2026-0017,synthetic
5f0acc14-6f13-5b3c-b92f-dc8672ad86eb,ff0ab9fe-510d-52c8-b082-9fca8e5de48e,2026-03-13,procurement,procurement,9649f95b-c09f-5007-987b-62668f6f288e,27364.39,0.00,27364.39,SYNTHETIC procurement SYN-PROC-2026-0018,synthetic
b8bcdede-031c-5c37-8e15-46926c631ce8,4a3307b7-74ab-512f-8369-aeb5f02cb65c,2026-05-08,procurement,procurement,7dcd5909-c77b-5510-8065-b9596e3c8a09,4392.74,0.00,4392.74,SYNTHETIC procurement SYN-PROC-2026-0019,synthetic
ac93f93a-fd5a-5480-a1d7-10198f071e80,e23f1a83-3a70-5313-b980-1dc1a498a8f3,2026-03-22,procurement,procurement,40e53256-978c-5f67-9d8b-ada36db8d8c6,37682.53,0.00,65266.29,SYNTHETIC procurement SYN-PROC-2026-0020,synthetic
4c1f9daa-49bf-55ed-b01a-9c995c67e229,ed4fafc7-6f7f-586d-bccc-8e445a6c95a3,2026-02-04,procurement,procurement,38584087-d1b3-5c60-bf80-0ee1c42942ba,10385.66,0.00,10385.66,SYNTHETIC procurement SYN-PROC-2026-0021,synthetic
690f4e44-130e-5186-b72a-9cc527ab533a,7b13273e-85cd-5a8d-b67c-44f706f6957e,2026-01-02,procurement,procurement,53e9fa3e-2100-5804-940c-bdd7873e8751,27539.98,0.00,27539.98,SYNTHETIC procurement SYN-PROC-2026-0022,synthetic
df4f9187-e71c-5529-8c82-6a5e75c80ae8,931f529a-503d-533c-bec3-adb440066644,2026-03-15,procurement,procurement,77d73096-d818-551b-b2c6-ab36e1de8c45,24285.94,0.00,33150.21,SYNTHETIC procurement SYN-PROC-2026-0023,synthetic
09f7ec3b-23dc-5202-9a28-6f81e94aeb38,7b13273e-85cd-5a8d-b67c-44f706f6957e,2026-01-03,procurement,procurement,b2a1e8f3-7e25-57ed-b2ec-2d8469b92c4d,16198.99,0.00,43738.97,SYNTHETIC procurement SYN-PROC-2026-0024,synthetic
28e50401-2bb8-5a3a-ac65-c1c5f5e57fba,b9a7b8f1-c7d2-59de-976e-c64fa2dbf2ef,2026-04-09,procurement,procurement,122ead27-8e12-5363-a695-cec4bf7c62ce,33825.66,0.00,56039.82,SYNTHETIC procurement SYN-PROC-2026-0025,synthetic
5ec0a3a8-5424-5611-ab98-4976934ad94f,777fa239-e1b9-5891-bef8-b6500c7b8824,2026-03-07,procurement,procurement,050ae9e3-44f4-57f8-afb7-c3e7ce2ce36b,8832.24,0.00,8832.24,SYNTHETIC procurement SYN-PROC-2026-0026,synthetic
435d9d81-a151-5a20-9481-07a8e906abc5,9e0bcbe3-5678-5b4b-a6a5-64520cb23ff4,2026-05-06,procurement,procurement,4549a532-e0d6-585b-9984-b495a4372e9c,7918.28,0.00,30953.22,SYNTHETIC procurement SYN-PROC-2026-0027,synthetic
cdd6228b-597b-5423-a337-0e977e4547c6,c35fb433-6404-5672-b66f-5f62d0b4dc15,2026-03-08,procurement,procurement,cdcb6e29-8310-5aaa-8485-8ff7e49a3c4a,18299.16,0.00,18299.16,SYNTHETIC procurement SYN-PROC-2026-0029,synthetic
ce25744f-7905-5105-ba3e-3eacf3732886,e23f1a83-3a70-5313-b980-1dc1a498a8f3,2026-05-19,procurement,procurement,3a390579-9021-5fbb-9681-a9430c5e90b0,10002.78,0.00,75269.07,SYNTHETIC procurement SYN-PROC-2026-0030,synthetic
429b684b-cae8-5c85-8f0f-a2cfe9818a52,d3672b5a-1ab8-5a43-86e4-2f1f8a684393,2026-02-15,procurement,procurement,b34e8c3d-fd0a-5753-b06a-dca2098b6501,44993.17,0.00,97378.40,SYNTHETIC procurement SYN-PROC-2026-0031,synthetic
a6dab3b2-57fc-55bb-8faa-4ef3316a1efe,80552a75-5918-5180-8b53-f814269fbab3,2026-06-04,procurement,procurement,1a1fdc96-7842-5f3b-9186-046cecf2c506,12864.62,0.00,12864.62,SYNTHETIC procurement SYN-PROC-2026-0032,synthetic
4ffb5ecf-cd04-5f53-9d0d-6695091878f2,c35fb433-6404-5672-b66f-5f62d0b4dc15,2026-02-22,procurement,procurement,635e016a-d0c0-519c-9b7e-772d41d54f22,20952.22,0.00,39251.38,SYNTHETIC procurement SYN-PROC-2026-0033,synthetic
1881aed4-9fca-5205-8782-21ae4066e822,41a010ef-e1a9-552a-824a-ac8b5bc6a4e6,2026-03-25,procurement,procurement,126fcd62-a601-5fe6-9517-886c7ce6c698,14688.67,0.00,14688.67,SYNTHETIC procurement SYN-PROC-2026-0034,synthetic
17417c3d-8d69-53b3-bcd3-d063521f8f2c,adee696a-53c2-50bd-acba-1bdee1019dac,2026-06-05,procurement,procurement,a3719ec7-2546-595d-95ed-43b959d94586,36449.89,0.00,36449.89,SYNTHETIC procurement SYN-PROC-2026-0035,synthetic
3a0fc0d3-6b07-5c38-81ea-aa302c0e6da5,d79ad6b7-b73e-54c2-9ea1-822bb4d4554e,2026-01-12,procurement,procurement,ce38a391-7244-5107-b31e-5ae609e010aa,16921.31,0.00,39276.59,SYNTHETIC procurement SYN-PROC-2026-0036,synthetic
e5facdbe-43e2-5f90-b5d3-4dfb146b61cd,57090268-e509-52e9-a8dc-76a310543e4d,2026-02-28,procurement,procurement,e92503db-7edf-51df-a381-ef6938749921,16486.91,0.00,16486.91,SYNTHETIC procurement SYN-PROC-2026-0037,synthetic
db7c4c18-22c4-556f-b9cd-78cfb7345617,d8b6ba35-39d2-5f67-9971-e2203da0de0c,2026-04-26,procurement,procurement,540badd8-f6f8-53bb-a5db-fca26447be2e,16101.50,0.00,16101.50,SYNTHETIC procurement SYN-PROC-2026-0038,synthetic
7dd8c391-3563-5b35-9407-512f7848bf91,2710acc5-cd4c-5876-ad24-d5416cd040b5,2026-04-12,procurement,procurement,d556dc8e-5eee-5e96-9498-403bf890c0a5,25268.15,0.00,30917.74,SYNTHETIC procurement SYN-PROC-2026-0039,synthetic
37893beb-9766-5528-bccd-e98fe730b1a6,41a010ef-e1a9-552a-824a-ac8b5bc6a4e6,2026-03-12,procurement,procurement,1da73120-0536-54e3-a5a6-ef50397c26a2,32827.76,0.00,47516.43,SYNTHETIC procurement SYN-PROC-2026-0040,synthetic
3ceb2090-d2dd-5f27-bf26-b78c40c18e03,b46ad471-88b4-5059-af95-a2291bb6b93f,2026-05-07,procurement,procurement,89af8d1c-402e-5776-acdb-c13bc1c751bd,19349.77,0.00,56422.69,SYNTHETIC procurement SYN-PROC-2026-0042,synthetic
c4ea399d-3499-52f9-bc7a-deb9dd9b3536,1867c2f1-cf69-59b2-a42e-d546b2128fb4,2026-02-12,procurement,procurement,9c1d3c2c-0637-52f8-8a7b-310b4e17dfda,25635.27,0.00,25635.27,SYNTHETIC procurement SYN-PROC-2026-0043,synthetic
b889c909-3dba-5852-b1d0-e0de3b8e56d1,a644c1da-b85e-589a-b228-ad30545a278e,2026-05-10,procurement,procurement,e998e30b-92fa-5bf6-9e8e-132527910a87,27645.47,0.00,27645.47,SYNTHETIC procurement SYN-PROC-2026-0044,synthetic
63727155-ab91-5188-ae09-aa9c3ef13645,b9a7b8f1-c7d2-59de-976e-c64fa2dbf2ef,2026-02-20,procurement,procurement,83a7b34e-74ec-562b-b1b7-9995705a6217,20947.15,0.00,76986.97,SYNTHETIC procurement SYN-PROC-2026-0045,synthetic
182f1904-d368-534e-b059-fe3db0939a15,d0948db4-f218-5454-8105-b6f888e98eb2,2026-04-15,procurement,procurement,ad1f76c2-dadc-5a58-8000-7ea5718d087f,32968.68,0.00,32968.68,SYNTHETIC procurement SYN-PROC-2026-0046,synthetic
4a13aeeb-c2ed-5653-b430-aea52c12f7e0,62da20c7-3d66-5a59-8ced-4312314e393c,2026-05-22,procurement,procurement,3881cdc5-f0ea-59a2-93b0-1e1805e0b5d7,22755.15,0.00,45764.03,SYNTHETIC procurement SYN-PROC-2026-0047,synthetic
9b5759f8-58be-5518-8017-454c75850bdd,8ca25e8f-3286-506e-b86c-cf78499cbca0,2026-02-16,procurement,procurement,447519c0-2e3c-54d8-b13a-5b808b3431bf,9063.70,0.00,9063.70,SYNTHETIC procurement SYN-PROC-2026-0048,synthetic
903727b5-dd61-51a4-b52a-61c0c6c2617f,94dd0a69-bd62-5b21-9ecd-debd59365206,2026-06-23,procurement,procurement,f89e8f44-58c6-5f19-b5ed-430369141328,5835.51,0.00,5835.51,SYNTHETIC procurement SYN-PROC-2026-0049,synthetic
4d4c2487-befa-5522-a519-9cd2f28379aa,ff0ab9fe-510d-52c8-b082-9fca8e5de48e,2026-01-18,procurement,procurement,95affcf4-d7dd-5f87-963c-9f3ba19d9811,22515.22,0.00,49879.61,SYNTHETIC procurement SYN-PROC-2026-0050,synthetic
9aa96023-14a7-5bd5-9483-c3ba9d19317b,80552a75-5918-5180-8b53-f814269fbab3,2026-04-20,procurement,procurement,507776b1-4982-546b-8234-c882b2f34378,36712.41,0.00,49577.03,SYNTHETIC procurement SYN-PROC-2026-0051,synthetic
023a8134-60a2-5e3f-87dc-01f182148df0,70ccacd5-972a-50c6-a77d-585aefc9e7b9,2026-02-27,procurement,procurement,3d16e87f-0313-557f-9ce3-cd8aab6c774a,24948.33,0.00,24948.33,SYNTHETIC procurement SYN-PROC-2026-0052,synthetic
d7c394b2-a83b-525d-bb0a-e68d67991703,01213c68-e6ce-5141-84ed-04d7577bbec7,2026-03-11,procurement,procurement,19e7959d-8411-52ca-a729-b50fc94da605,36850.17,0.00,36850.17,SYNTHETIC procurement SYN-PROC-2026-0053,synthetic
63cd678e-40a5-5fa4-8c6d-019c81612802,0423553d-c603-5259-85a2-df1e0b624403,2026-06-18,procurement,procurement,aa5a29de-18c0-5b47-ba33-71c70675051c,20048.64,0.00,20048.64,SYNTHETIC procurement SYN-PROC-2026-0056,synthetic
4bbeac9e-2b69-5316-ad0d-9d95bee45601,94dd0a69-bd62-5b21-9ecd-debd59365206,2026-04-05,procurement,procurement,9a36ee85-3652-58f3-a0a2-fb59997561f5,32385.87,0.00,38221.38,SYNTHETIC procurement SYN-PROC-2026-0057,synthetic
74d83c21-670d-555d-92b1-46d0f996a416,931f529a-503d-533c-bec3-adb440066644,2026-02-02,procurement,procurement,0fbcf3e7-8f21-5f70-9c0d-22cee9bcad27,18325.55,0.00,51475.76,SYNTHETIC procurement SYN-PROC-2026-0058,synthetic
9b5df163-31a7-59a0-9f31-a339cbba5779,a7912009-53e9-5087-9ae4-f84f5f952c82,2026-04-09,procurement,procurement,4ac9f3ca-28cf-52cd-8541-c95e8cdabf60,8409.36,0.00,19324.41,SYNTHETIC procurement SYN-PROC-2026-0059,synthetic
85aa7794-6690-5b47-9c88-b3bd63268e83,e23f1a83-3a70-5313-b980-1dc1a498a8f3,2026-06-02,procurement,procurement,d356d16a-64f9-554e-845d-27bd6bf76777,5800.91,0.00,81069.98,SYNTHETIC procurement SYN-PROC-2026-0060,synthetic
5babc713-f47c-58b7-8637-439c6e4b197c,62da20c7-3d66-5a59-8ced-4312314e393c,2026-02-15,procurement,procurement,2b6ad325-612b-58ec-a980-68e9475474e5,24121.25,0.00,69885.28,SYNTHETIC procurement SYN-PROC-2026-0061,synthetic
cc5aabb4-5512-507b-b0b5-a93d6acf7d26,eab53f31-02a3-5c3b-8740-8ff1a7e4cff4,2026-06-27,procurement,procurement,85ce34e2-a18e-5581-9c10-e0eb98aa7ac8,19176.15,0.00,19176.15,SYNTHETIC procurement SYN-PROC-2026-0063,synthetic
054150e6-03f4-5475-ba57-08539807fb7b,24aff973-7678-5689-a9ed-67f64a577d80,2026-03-18,procurement,procurement,f88af83e-66dd-565b-a70b-981698375690,32097.73,0.00,32097.73,SYNTHETIC procurement SYN-PROC-2026-0064,synthetic
f29d7956-cd91-5df9-b96b-40ff6278398c,777fa239-e1b9-5891-bef8-b6500c7b8824,2026-03-21,procurement,procurement,7522e6e4-1ede-5462-8466-21a45f6fc811,38249.71,0.00,47081.95,SYNTHETIC procurement SYN-PROC-2026-0065,synthetic
2ea03726-ce8e-57f3-be3e-b64d75611c55,e1718eba-bbf2-599a-a144-583cf98a23d3,2026-04-14,procurement,procurement,aa197330-de3e-5a04-917b-cccc89ab36a8,20914.93,0.00,30646.51,SYNTHETIC procurement SYN-PROC-2026-0066,synthetic
faf96659-2777-5741-aa86-d3dcb95e616d,a7912009-53e9-5087-9ae4-f84f5f952c82,2026-05-22,procurement,procurement,7cdc95c3-30b0-5f82-8334-121a2fa8f5ba,28283.47,0.00,47607.88,SYNTHETIC procurement SYN-PROC-2026-0067,synthetic
d1fe7f07-acd4-596e-b870-9f8a7a27cd81,a5160272-e428-5c25-b4ca-55b56dd6a1c2,2026-05-23,procurement,procurement,b2df7a1f-08ab-5ee1-897e-a0f0e135117c,22368.16,0.00,22368.16,SYNTHETIC procurement SYN-PROC-2026-0068,synthetic
02b4c527-bf0b-5204-b833-acf732384522,80552a75-5918-5180-8b53-f814269fbab3,2026-06-16,procurement,procurement,6083772f-278d-53e1-8373-40d52261baf0,32193.60,0.00,81770.63,SYNTHETIC procurement SYN-PROC-2026-0069,synthetic
04ba5abf-5125-5872-a3fd-eb5919a515a0,62da20c7-3d66-5a59-8ced-4312314e393c,2026-04-18,procurement,procurement,c22888eb-1fd5-57be-bf12-8046971dbce6,37022.49,0.00,106907.77,SYNTHETIC procurement SYN-PROC-2026-0070,synthetic
e7c45b33-c9d7-5ced-96c5-8ba8070426f4,9febcfb4-314c-5159-89a9-f56738306649,2026-01-24,procurement,procurement,9bbcf10a-e02e-56d2-9202-6ab4a58a7198,17511.37,0.00,17511.37,SYNTHETIC procurement SYN-PROC-2026-0071,synthetic
5a7b6c26-c374-50f7-885a-db4428c3fa84,1867c2f1-cf69-59b2-a42e-d546b2128fb4,2026-06-19,procurement,procurement,df59551c-169c-5d1e-937e-4b4f0a472068,41078.43,0.00,66713.70,SYNTHETIC procurement SYN-PROC-2026-0072,synthetic
ed9e2b3d-64da-5269-ad02-655c97398aac,9febcfb4-314c-5159-89a9-f56738306649,2026-05-05,procurement,procurement,8ca6711a-0799-59cd-8ba7-c430c1f12c95,20134.45,0.00,37645.82,SYNTHETIC procurement SYN-PROC-2026-0073,synthetic
23dba9fa-6af7-51d9-b07f-37d61ff846c0,ed4fafc7-6f7f-586d-bccc-8e445a6c95a3,2026-01-13,procurement,procurement,4bc13140-8315-561a-9ebc-6d3f4fe7b3bd,31367.30,0.00,41752.96,SYNTHETIC procurement SYN-PROC-2026-0075,synthetic
9ab353f7-63f3-5083-9437-0194aa04d45f,9febcfb4-314c-5159-89a9-f56738306649,2026-02-04,procurement,procurement,6db12588-c6c6-50b8-a8fd-eb4001ed7468,46087.78,0.00,83733.60,SYNTHETIC procurement SYN-PROC-2026-0076,synthetic
4b821752-af66-5fed-b491-590b0aa1ed91,c35fb433-6404-5672-b66f-5f62d0b4dc15,2026-03-22,procurement,procurement,e024470a-fe42-5f3e-a8eb-3a29aff881ee,8018.51,0.00,47269.89,SYNTHETIC procurement SYN-PROC-2026-0078,synthetic
c2fdbf8f-792d-58a1-9bbc-23de286aaf62,1a72d6d2-3a5e-5d1e-afcb-7cbd0c3a98a2,2026-02-14,procurement,procurement,340c20e5-41d2-5564-b263-9ce48b1cee4d,13099.64,0.00,32430.09,SYNTHETIC procurement SYN-PROC-2026-0080,synthetic
9bf71402-22fd-5333-b74c-2130abcd6a6e,87bbd5a3-3bbe-573a-a7f9-6e1f95f1fdba,2026-05-24,procurement,procurement,34e0dcd8-1bb9-588a-a606-f2780bcdac43,20340.61,0.00,20340.61,SYNTHETIC procurement SYN-PROC-2026-0081,synthetic
5e53eeab-3dc4-5314-91ee-a7447e181f78,e1718eba-bbf2-599a-a144-583cf98a23d3,2026-01-20,procurement,procurement,160aa059-9b5e-5dcd-a232-deb3f4d367fd,8064.62,0.00,38711.13,SYNTHETIC procurement SYN-PROC-2026-0082,synthetic
a8cc51c3-ced3-55ba-903a-e9b9fadfbe0b,b293a166-efff-5a60-bd1c-ff7065fc3cf3,2026-05-19,procurement,procurement,dd93306c-295e-5089-ab31-7ac6bcd9e4c4,6057.93,0.00,6057.93,SYNTHETIC procurement SYN-PROC-2026-0083,synthetic
1280af29-12d0-5c49-9068-af311d702a74,ed4fafc7-6f7f-586d-bccc-8e445a6c95a3,2026-04-09,procurement,procurement,892fd578-5b26-5d28-b03b-92adcc4921cc,19457.02,0.00,61209.98,SYNTHETIC procurement SYN-PROC-2026-0084,synthetic
94640c6a-1eea-5a1d-b018-275317da77a9,0423553d-c603-5259-85a2-df1e0b624403,2026-06-04,procurement,procurement,e93868ce-ae9e-5918-95e7-343565ab5ffd,14194.70,0.00,34243.34,SYNTHETIC procurement SYN-PROC-2026-0085,synthetic
bdfec748-e856-5ffc-acfd-e1c3025eaf7c,62da20c7-3d66-5a59-8ced-4312314e393c,2026-04-14,procurement,procurement,13472b69-0ddb-58a2-843b-8b608bf22e4e,7075.42,0.00,113983.19,SYNTHETIC procurement SYN-PROC-2026-0087,synthetic
d02a483e-e6c9-5821-b1b2-459c97105742,c35fb433-6404-5672-b66f-5f62d0b4dc15,2026-02-10,procurement,procurement,123cd5b7-9d53-5768-8d52-fac5052bcebd,35272.69,0.00,82542.58,SYNTHETIC procurement SYN-PROC-2026-0088,synthetic
c03bd1e3-b3cf-5b3d-b99e-d4669185554c,7b13273e-85cd-5a8d-b67c-44f706f6957e,2026-04-23,procurement,procurement,8dc72b17-5c71-5c85-b0f7-146ba40b0cbe,22288.16,0.00,66027.13,SYNTHETIC procurement SYN-PROC-2026-0090,synthetic
9de9fc85-171f-5c6a-8123-d8e3d93f7f18,80552a75-5918-5180-8b53-f814269fbab3,2026-02-20,procurement,procurement,48f2b8e6-4add-54da-abe1-4e109631d176,39368.93,0.00,121139.56,SYNTHETIC procurement SYN-PROC-2026-0091,synthetic
544cf315-aa91-5dd1-a935-52a38960d719,d8b6ba35-39d2-5f67-9971-e2203da0de0c,2026-05-09,procurement,procurement,10cad50b-0516-5111-b21d-d4d02f46e52d,4397.33,0.00,20498.83,SYNTHETIC procurement SYN-PROC-2026-0092,synthetic
b960d3b6-73b2-5f32-8ec6-1a789b1c6314,8ca25e8f-3286-506e-b86c-cf78499cbca0,2026-04-12,procurement,procurement,1d780be8-51b6-5003-8a14-1139d8db859d,27284.16,0.00,36347.86,SYNTHETIC procurement SYN-PROC-2026-0093,synthetic
67a6a25b-6b16-50c0-9929-ab822f0e7514,ff0ab9fe-510d-52c8-b082-9fca8e5de48e,2026-04-08,procurement,procurement,a7f0187e-3d0b-5e43-a80f-bb6787007253,28624.67,0.00,78504.28,SYNTHETIC procurement SYN-PROC-2026-0094,synthetic
a1de637b-0415-55c0-8ac6-7f9d1ef28eb3,62da20c7-3d66-5a59-8ced-4312314e393c,2026-06-05,procurement,procurement,934e5c3f-3086-5e15-96eb-018d8d135b47,40332.03,0.00,154315.22,SYNTHETIC procurement SYN-PROC-2026-0095,synthetic
8f5e6d8a-60dd-589f-ba6f-bec78a5a1e62,d8b6ba35-39d2-5f67-9971-e2203da0de0c,2026-04-21,procurement,procurement,4d6b4e85-3959-54fa-91f8-9a9f67dc4f89,10561.03,0.00,31059.86,SYNTHETIC procurement SYN-PROC-2026-0097,synthetic
8c575f01-1977-5c7c-8d6f-c46ed2a84b8a,1867c2f1-cf69-59b2-a42e-d546b2128fb4,2026-01-25,procurement,procurement,24e80356-189a-5ac4-8715-aa700bae3a8f,11843.30,0.00,78557.00,SYNTHETIC procurement SYN-PROC-2026-0099,synthetic
128c83d5-ab8e-540d-a03d-1b052dfe96fd,01213c68-e6ce-5141-84ed-04d7577bbec7,2026-04-05,procurement,procurement,40a747f0-3afb-5bab-814b-4ebfe4d93c15,21853.24,0.00,58703.41,SYNTHETIC procurement SYN-PROC-2026-0100,synthetic
907c65df-f90f-58c7-9486-601ef9758bbf,b9a7b8f1-c7d2-59de-976e-c64fa2dbf2ef,2026-02-16,procurement,procurement,7b07b572-acf0-5748-9684-30e45b6a2325,11897.08,0.00,88884.05,SYNTHETIC procurement SYN-PROC-2026-0101,synthetic
f72efbc3-5f65-5068-acc1-0266f502d9db,ff0ab9fe-510d-52c8-b082-9fca8e5de48e,2026-03-07,procurement,procurement,c2654a81-f334-5bb8-b561-431eaa27faac,33389.09,0.00,111893.37,SYNTHETIC procurement SYN-PROC-2026-0103,synthetic
f8df41a1-503b-5343-b9b7-747dae632c3d,1867c2f1-cf69-59b2-a42e-d546b2128fb4,2026-03-25,procurement,procurement,c2f2dcab-2f53-52bb-8f47-7697b6092c78,20860.88,0.00,99417.88,SYNTHETIC procurement SYN-PROC-2026-0105,synthetic
52ed2646-c625-5c8d-9677-0ae449ebd940,a644c1da-b85e-589a-b228-ad30545a278e,2026-06-27,procurement,procurement,e584b956-553f-559b-96c3-f4e484e38d27,12610.30,0.00,40255.77,SYNTHETIC procurement SYN-PROC-2026-0106,synthetic
d2485492-ffc4-5c5a-9e94-edf1bdbe8dc3,4a3307b7-74ab-512f-8369-aeb5f02cb65c,2026-02-03,procurement,procurement,8b2e7834-4c1d-5de8-9357-b956cad6b222,21985.31,0.00,26378.05,SYNTHETIC procurement SYN-PROC-2026-0107,synthetic
db940b0d-5e54-56f1-9e0a-cb09b621e8f0,d79ad6b7-b73e-54c2-9ea1-822bb4d4554e,2026-03-27,procurement,procurement,6798e37a-d168-5c93-add2-8896cdb3d4fe,14194.74,0.00,53471.33,SYNTHETIC procurement SYN-PROC-2026-0108,synthetic
79693698-8bfd-509d-8d0e-0b2f81040986,d8b6ba35-39d2-5f67-9971-e2203da0de0c,2026-04-03,procurement,procurement,994791dc-5163-5c69-890c-691731238115,14181.85,0.00,45241.71,SYNTHETIC procurement SYN-PROC-2026-0109,synthetic
8f0ef965-b2e5-56a6-b8ff-e4e172db7426,80552a75-5918-5180-8b53-f814269fbab3,2026-04-01,procurement,procurement,ee0ecc6e-2691-55e8-a48b-00e71e9e997b,22573.56,0.00,143713.12,SYNTHETIC procurement SYN-PROC-2026-0110,synthetic
1bd78fd3-3880-5ea0-936a-3e85d57a8911,1a72d6d2-3a5e-5d1e-afcb-7cbd0c3a98a2,2026-01-22,procurement,procurement,6111567f-7bda-516b-88e4-d5add56e6a56,18624.81,0.00,51054.90,SYNTHETIC procurement SYN-PROC-2026-0111,synthetic
863838dc-de68-5427-982d-523f3bead1fd,b46ad471-88b4-5059-af95-a2291bb6b93f,2026-05-05,procurement,procurement,be570f11-581a-503b-8cdb-2aacc3924c26,30166.44,0.00,86589.13,SYNTHETIC procurement SYN-PROC-2026-0113,synthetic
4aa7f9c6-6049-5071-a78e-83a4c8bcea3c,1867c2f1-cf69-59b2-a42e-d546b2128fb4,2026-04-21,procurement,procurement,566a4f33-0e41-51ce-875f-7b1fa636440b,11790.09,0.00,111207.97,SYNTHETIC procurement SYN-PROC-2026-0114,synthetic
58d00164-8090-5ae4-b5c5-19703cad7e79,c35fb433-6404-5672-b66f-5f62d0b4dc15,2026-02-28,procurement,procurement,4cb20348-860d-5136-941f-00ba1a42d3c9,25744.70,0.00,108287.28,SYNTHETIC procurement SYN-PROC-2026-0115,synthetic
63a59d27-ef63-5eed-acbc-cec0a826636f,94dd0a69-bd62-5b21-9ecd-debd59365206,2026-01-28,procurement,procurement,40d5b405-7145-52a9-8433-b08a0904d9de,32660.12,0.00,70881.50,SYNTHETIC procurement SYN-PROC-2026-0116,synthetic
104feb01-957e-5f65-ae31-c92f7a71de57,d8b6ba35-39d2-5f67-9971-e2203da0de0c,2026-02-26,procurement,procurement,56e12dd4-1453-5164-8693-4620c31d52d2,15824.98,0.00,61066.69,SYNTHETIC procurement SYN-PROC-2026-0117,synthetic
8da90a21-1dcd-56ae-affc-31200dc28e06,d8b6ba35-39d2-5f67-9971-e2203da0de0c,2026-05-01,procurement,procurement,9f5cda2a-5b5e-510c-a1df-3fbc62bf6d0f,21190.93,0.00,82257.62,SYNTHETIC procurement SYN-PROC-2026-0118,synthetic
f4e982f2-7ec6-569f-9817-6c51a68f784c,62da20c7-3d66-5a59-8ced-4312314e393c,2026-02-01,procurement,procurement,b30672ef-7ad4-55e7-a75f-6ccb88212a2e,26384.19,0.00,180699.41,SYNTHETIC procurement SYN-PROC-2026-0119,synthetic
10f10044-e6e1-5dba-b60f-b3044fb4a6a5,1867c2f1-cf69-59b2-a42e-d546b2128fb4,2026-01-24,procurement,procurement,d9f91d9b-7782-5476-8690-aaff63818c52,9220.87,0.00,120428.84,SYNTHETIC procurement SYN-PROC-2026-0120,synthetic
04843133-0366-5fce-ba94-34b940cf71d9,57090268-e509-52e9-a8dc-76a310543e4d,2026-06-17,procurement,procurement,05d5b3a5-ce83-57b4-b4ac-eb579c3f80e2,22526.05,0.00,39012.96,SYNTHETIC procurement SYN-PROC-2026-0121,synthetic
9a6ff71d-1676-57c4-b30e-d2005197b9d2,b293a166-efff-5a60-bd1c-ff7065fc3cf3,2026-06-15,procurement,procurement,907b21cb-7737-5cfc-bbcf-32d12e237593,10039.75,0.00,16097.68,SYNTHETIC procurement SYN-PROC-2026-0122,synthetic
7a682061-dd02-5494-b516-023b485feaa3,4a3307b7-74ab-512f-8369-aeb5f02cb65c,2026-03-13,procurement,procurement,afc2f70a-2afd-59f9-92cf-08ef11ebedf4,36923.50,0.00,63301.55,SYNTHETIC procurement SYN-PROC-2026-0123,synthetic
a1b68195-4b59-5a00-bb10-be7b49e4cb64,7b13273e-85cd-5a8d-b67c-44f706f6957e,2026-05-24,procurement,procurement,7e78d995-c328-53b7-9a3e-9ba9f0de803f,15864.73,0.00,81891.86,SYNTHETIC procurement SYN-PROC-2026-0124,synthetic
37450170-0c6e-5515-8183-388fb796ae2a,a644c1da-b85e-589a-b228-ad30545a278e,2026-04-11,procurement,procurement,0ae67bb2-0445-5517-ae6a-004067a8b9f7,23110.29,0.00,63366.06,SYNTHETIC procurement SYN-PROC-2026-0125,synthetic
4873b8bc-89dd-532d-a981-adf66e51da68,84f8d927-f24e-5037-871e-697196070402,2026-06-24,procurement,procurement,1447822d-87ea-5be0-a6d3-0ac484fe5bd8,31667.98,0.00,31667.98,SYNTHETIC procurement SYN-PROC-2026-0126,synthetic
491d49b8-36e2-5fa8-87a6-5ceb015bae89,b46ad471-88b4-5059-af95-a2291bb6b93f,2026-06-25,procurement,procurement,504371b1-cdd2-59c2-854b-cee16ff1eb11,38038.62,0.00,124627.75,SYNTHETIC procurement SYN-PROC-2026-0127,synthetic
a612f57d-b306-5394-9c55-66caffe0050c,24aff973-7678-5689-a9ed-67f64a577d80,2026-02-22,procurement,procurement,a79a2759-1dd9-533a-b66e-76e146257935,36527.24,0.00,68624.97,SYNTHETIC procurement SYN-PROC-2026-0128,synthetic
92229a0f-17d7-5b20-8861-e9571b99641b,24aff973-7678-5689-a9ed-67f64a577d80,2026-04-28,procurement,procurement,1c1b085d-c631-52b2-8ab2-f8955fa82a71,46194.24,0.00,114819.21,SYNTHETIC procurement SYN-PROC-2026-0129,synthetic
0789b055-36da-5a1a-99e8-a2de08e976f7,62da20c7-3d66-5a59-8ced-4312314e393c,2026-03-01,procurement,procurement,97561718-1c1f-51c4-93d4-0468d283ac4a,14785.82,0.00,195485.23,SYNTHETIC procurement SYN-PROC-2026-0130,synthetic
0341755a-0996-5450-8944-340c4802c06b,8ca25e8f-3286-506e-b86c-cf78499cbca0,2026-04-03,procurement,procurement,1f00e3dd-3996-5a5a-92eb-4fdc29148fa5,14135.17,0.00,50483.03,SYNTHETIC procurement SYN-PROC-2026-0131,synthetic
05b28456-7a7b-5189-9ffa-83acf7780621,23433e80-4b4d-5fc9-828c-d1237653f7e8,2026-03-10,procurement,procurement,8f70fccc-4e9b-512a-8289-93d6464bac89,26436.06,0.00,26436.06,SYNTHETIC procurement SYN-PROC-2026-0132,synthetic
e659f642-52bd-56b3-9a90-3cd9a9b0b861,57090268-e509-52e9-a8dc-76a310543e4d,2026-01-09,procurement,procurement,a5a452b7-eb92-5f61-b735-81be00c0a851,35705.21,0.00,74718.17,SYNTHETIC procurement SYN-PROC-2026-0133,synthetic
a380ef97-8349-5a68-9c81-48324a6fb681,b46ad471-88b4-5059-af95-a2291bb6b93f,2026-01-10,procurement,procurement,50bfd725-7142-52dc-bbc2-b1555b585440,36470.55,0.00,161098.30,SYNTHETIC procurement SYN-PROC-2026-0134,synthetic
ecaecfe2-2ae5-5e6b-abb8-d0fe238203d4,c35fb433-6404-5672-b66f-5f62d0b4dc15,2026-02-25,procurement,procurement,da1c237b-dc12-5a97-8095-76ba2e51abbd,13919.93,0.00,122207.21,SYNTHETIC procurement SYN-PROC-2026-0135,synthetic
dc430619-9be7-5e02-b959-841fdd77943a,931f529a-503d-533c-bec3-adb440066644,2026-06-08,procurement,procurement,255ed357-7558-5d57-adda-d43a765dfb41,37968.87,0.00,89444.63,SYNTHETIC procurement SYN-PROC-2026-0136,synthetic
332f20b4-19da-5117-aaf9-62362741036b,dbd2937a-c59d-5a9d-a0fb-76f4cf8398a2,2026-01-28,procurement,procurement,f32a8503-0367-5bec-98ac-1a9666cee04a,27181.11,0.00,46774.16,SYNTHETIC procurement SYN-PROC-2026-0137,synthetic
b7f50e1f-ec90-550d-ad3c-d243702170c1,c5243872-96d3-558c-ac8f-1e901a0e9f28,2026-02-26,procurement,procurement,bb8e0edd-286e-5dfd-a5f3-eee99d86bb07,31375.51,0.00,31375.51,SYNTHETIC procurement SYN-PROC-2026-0138,synthetic
819286a1-9d36-5fe4-a66d-586137080bf2,4a3307b7-74ab-512f-8369-aeb5f02cb65c,2026-01-13,procurement,procurement,7249995b-26d0-5cea-ad2b-a81b160d8322,28326.19,0.00,91627.74,SYNTHETIC procurement SYN-PROC-2026-0139,synthetic
60e2715c-2351-5e7e-96e6-4ce91e69e5b6,deb4c617-e88b-5975-bb0e-5c244580e5bd,2026-03-12,procurement,procurement,c9b2b015-b3b2-56c9-bd9d-dfc0fd783883,13349.16,0.00,13349.16,SYNTHETIC procurement SYN-PROC-2026-0140,synthetic
56c8bbeb-1174-5871-98bb-8450c5f0eed9,7b13273e-85cd-5a8d-b67c-44f706f6957e,2026-06-16,procurement,procurement,57bb1d02-7a9f-5c31-af14-e6edd378169b,36440.31,0.00,118332.17,SYNTHETIC procurement SYN-PROC-2026-0141,synthetic
83e3b967-335e-593c-bc63-fa7afe797213,1a72d6d2-3a5e-5d1e-afcb-7cbd0c3a98a2,2026-03-28,procurement,procurement,e178b1bb-53bb-5231-9f3e-29f1a9e052cd,21144.74,0.00,72199.64,SYNTHETIC procurement SYN-PROC-2026-0142,synthetic
7c11721d-ebda-5d1d-8c89-29517a98ef7e,5ab7d3e2-e9cc-5859-bdbc-46f09de27fa8,2026-01-10,procurement,procurement,a05f5ba0-7d4a-5776-97aa-937ed562286b,37984.37,0.00,37984.37,SYNTHETIC procurement SYN-PROC-2026-0143,synthetic
9ddffb9e-5988-5042-aac0-35b18bfa1130,24aff973-7678-5689-a9ed-67f64a577d80,2026-03-20,procurement,procurement,dae0a6d9-40f2-5c2d-a8cd-d8475ff94fac,31557.26,0.00,146376.47,SYNTHETIC procurement SYN-PROC-2026-0145,synthetic
47e2eeb0-1e56-5d2e-9d34-52a60bb24e18,ecc35567-845f-5270-94b0-5bb499ce1ffe,2026-06-06,procurement,procurement,c95808e9-4994-5366-bc4b-73337b679a49,6792.67,0.00,6792.67,SYNTHETIC procurement SYN-PROC-2026-0146,synthetic
28411944-f645-57f2-ae8d-310be1d9e66b,d79ad6b7-b73e-54c2-9ea1-822bb4d4554e,2026-04-14,procurement,procurement,ed671b8e-7c6c-5474-80bd-536d0dd23ca0,25968.21,0.00,79439.54,SYNTHETIC procurement SYN-PROC-2026-0147,synthetic
7c78024f-1072-5d4c-b924-203c473860eb,ff0ab9fe-510d-52c8-b082-9fca8e5de48e,2026-02-20,procurement,procurement,8d4ded59-be17-5da2-8cbd-96015d50cab7,9152.22,0.00,121045.59,SYNTHETIC procurement SYN-PROC-2026-0149,synthetic
0c910aac-02ed-50b6-93b9-bf1db6eac8d7,1867c2f1-cf69-59b2-a42e-d546b2128fb4,2026-05-03,procurement,procurement,ff444ab4-9b59-5e2e-b0b4-ede6ce2a3c27,28804.91,0.00,149233.75,SYNTHETIC procurement SYN-PROC-2026-0150,synthetic
07536766-b38e-524a-80d2-872d0fd1aa14,fd7b88af-a07a-5185-8b8f-ef310c498b74,2026-02-05,procurement,procurement,a776a5ae-700d-55b2-99e2-cefc1f3adc45,11952.20,0.00,34472.47,SYNTHETIC procurement SYN-PROC-2026-0151,synthetic
abc09fee-eeb9-5389-906c-6b935a4def5e,deb4c617-e88b-5975-bb0e-5c244580e5bd,2026-03-25,procurement,procurement,7eaeab7a-48c8-5a0b-8969-824391fdfbcd,13552.83,0.00,26901.99,SYNTHETIC procurement SYN-PROC-2026-0152,synthetic
3b884a02-72ba-594d-9090-46e66f484c2e,87bbd5a3-3bbe-573a-a7f9-6e1f95f1fdba,2026-01-14,procurement,procurement,9b3cdd71-b353-555e-bb68-44051b318fdd,27071.22,0.00,47411.83,SYNTHETIC procurement SYN-PROC-2026-0153,synthetic
2c681b91-8d48-5c5a-81f3-f2144aa83ef8,70ccacd5-972a-50c6-a77d-585aefc9e7b9,2026-02-10,procurement,procurement,e7793974-1981-5d43-85b4-ba64bf9f1448,41981.91,0.00,66930.24,SYNTHETIC procurement SYN-PROC-2026-0154,synthetic
6cdfdc0d-8efa-5952-9398-c2f1573850ad,fd7b88af-a07a-5185-8b8f-ef310c498b74,2026-04-17,procurement,procurement,9b369074-3a84-57d5-9b5a-19448c488365,38008.49,0.00,72480.96,SYNTHETIC procurement SYN-PROC-2026-0155,synthetic
0c387184-01ad-5ecd-bfca-51cc2befdff1,5ab7d3e2-e9cc-5859-bdbc-46f09de27fa8,2026-03-18,procurement,procurement,3af5356f-0c5b-50e9-9b04-d8ca11df420d,10170.96,0.00,48155.33,SYNTHETIC procurement SYN-PROC-2026-0156,synthetic
d39dfb68-2b96-53ba-9cb9-c05cc3ab7853,0423553d-c603-5259-85a2-df1e0b624403,2026-05-12,procurement,procurement,cb6eb184-f1b8-5da7-b386-c26271940f1b,20129.58,0.00,54372.92,SYNTHETIC procurement SYN-PROC-2026-0158,synthetic
3af62293-70f4-5675-8828-ce43a21c0029,ecc35567-845f-5270-94b0-5bb499ce1ffe,2026-02-05,procurement,procurement,ed50d7d5-3ac4-52f4-bb5d-f390f48f98d8,6297.72,0.00,13090.39,SYNTHETIC procurement SYN-PROC-2026-0159,synthetic
9fb15a85-189d-5799-91a7-be3b02291782,70ccacd5-972a-50c6-a77d-585aefc9e7b9,2026-01-01,procurement,procurement,8dfd5931-a6a3-5017-8a20-1e589958cf45,19325.31,0.00,86255.55,SYNTHETIC procurement SYN-PROC-2026-0160,synthetic
782c2ee3-721f-50d0-a1b3-a20e8e384981,fd7b88af-a07a-5185-8b8f-ef310c498b74,2026-03-04,procurement,procurement,0e1c2ed1-a8ea-5360-a5e6-dfb4acc48f66,7895.45,0.00,80376.41,SYNTHETIC procurement SYN-PROC-2026-0161,synthetic
ea66d7c5-5ce9-5758-8eec-4a534f85ca74,777fa239-e1b9-5891-bef8-b6500c7b8824,2026-01-21,procurement,procurement,878222a2-f5e7-513a-b3fe-95ad4d2b9b8b,37963.55,0.00,85045.50,SYNTHETIC procurement SYN-PROC-2026-0162,synthetic
cc9e0dc3-f434-5d59-b413-4b69ef1de496,24aff973-7678-5689-a9ed-67f64a577d80,2026-06-22,procurement,procurement,7bdbe041-1824-5065-86b6-8fc448f176d2,11208.90,0.00,157585.37,SYNTHETIC procurement SYN-PROC-2026-0163,synthetic
8f0d0d8d-2a51-51da-abb4-d8e5f2a9a47c,9e0bcbe3-5678-5b4b-a6a5-64520cb23ff4,2026-04-28,procurement,procurement,13c373fa-aa6d-5cd0-8dbf-b4e1ce4592d0,31762.27,0.00,62715.49,SYNTHETIC procurement SYN-PROC-2026-0164,synthetic
f6ac487f-9611-5a5e-97b8-94b39cf9dbcf,e23f1a83-3a70-5313-b980-1dc1a498a8f3,2026-06-22,procurement,procurement,9a1936ba-015d-5412-a313-2d7d912b03c2,11882.87,0.00,92952.85,SYNTHETIC procurement SYN-PROC-2026-0165,synthetic
3bce8b48-db15-5462-8a76-5a74811b7804,7b13273e-85cd-5a8d-b67c-44f706f6957e,2026-06-15,procurement,procurement,2229fdb4-d4ee-5113-9c4b-52c424df3095,34501.24,0.00,152833.41,SYNTHETIC procurement SYN-PROC-2026-0166,synthetic
40b597af-371a-565d-9bce-01e9c3264f91,01213c68-e6ce-5141-84ed-04d7577bbec7,2026-02-02,procurement,procurement,9addaca6-0100-5d49-97eb-07ee0ccd92d4,30731.61,0.00,89435.02,SYNTHETIC procurement SYN-PROC-2026-0167,synthetic
465a872d-8ec0-5839-981e-3cefd33b8dbf,a7912009-53e9-5087-9ae4-f84f5f952c82,2026-03-12,procurement,procurement,1ecd174f-7983-58e6-b7ce-fecb6e93c4de,7661.45,0.00,55269.33,SYNTHETIC procurement SYN-PROC-2026-0168,synthetic
e9cca353-8afd-5e43-a10f-d6cc548b6cff,1867c2f1-cf69-59b2-a42e-d546b2128fb4,2026-04-11,procurement,procurement,2421ca35-9f52-5eac-95f5-c4f23b05e03e,17582.51,0.00,166816.26,SYNTHETIC procurement SYN-PROC-2026-0169,synthetic
98ae1045-c9d9-5346-bd78-f73e603601d6,a644c1da-b85e-589a-b228-ad30545a278e,2026-04-20,procurement,procurement,1688b36b-f87f-5f4c-b02a-66b630ec6129,16058.77,0.00,79424.83,SYNTHETIC procurement SYN-PROC-2026-0170,synthetic
24234c4f-fab6-52e1-8b0b-e14266bbbb74,41a010ef-e1a9-552a-824a-ac8b5bc6a4e6,2026-01-03,procurement,procurement,f51c16ae-833f-5d4b-bad3-0cd87a9cc0f9,27047.12,0.00,74563.55,SYNTHETIC procurement SYN-PROC-2026-0172,synthetic
e5d57f92-97ca-5e43-ba75-b8e69641e7a2,d0948db4-f218-5454-8105-b6f888e98eb2,2026-04-02,procurement,procurement,df50d2b8-9134-5fb2-8639-73a21bed33be,10423.29,0.00,43391.97,SYNTHETIC procurement SYN-PROC-2026-0173,synthetic
873f2de5-7799-5ee7-b752-063f4558fe24,d0948db4-f218-5454-8105-b6f888e98eb2,2026-04-12,procurement,procurement,36bef026-3908-52ef-a91e-939513b7f499,28246.57,0.00,71638.54,SYNTHETIC procurement SYN-PROC-2026-0174,synthetic
d41b421d-8e96-5c05-8e68-8793e751f187,41a010ef-e1a9-552a-824a-ac8b5bc6a4e6,2026-01-01,procurement,procurement,4e7c6ee2-5c9e-5c09-98fe-df47c360be84,17010.45,0.00,91574.00,SYNTHETIC procurement SYN-PROC-2026-0175,synthetic
31fbde18-5e8a-5b1d-85fb-44a159fd6df2,70ccacd5-972a-50c6-a77d-585aefc9e7b9,2026-05-10,procurement,procurement,eede6aea-fb95-57cd-8f0d-e2a7043256da,33724.25,0.00,119979.80,SYNTHETIC procurement SYN-PROC-2026-0176,synthetic
9748ff10-97e2-5d35-be3c-cb7be462b514,84f8d927-f24e-5037-871e-697196070402,2026-03-22,procurement,procurement,47994612-de08-5b32-936c-78373f128353,25497.50,0.00,57165.48,SYNTHETIC procurement SYN-PROC-2026-0177,synthetic
ab0aa6c5-d59c-52c9-abb9-177142281038,ecc35567-845f-5270-94b0-5bb499ce1ffe,2026-06-06,procurement,procurement,51d189b0-0dc8-536d-9c8b-05709d09e466,25127.94,0.00,38218.33,SYNTHETIC procurement SYN-PROC-2026-0178,synthetic
ac846b2e-69e0-5b60-9ea6-5ea038cf169c,c5243872-96d3-558c-ac8f-1e901a0e9f28,2026-05-12,procurement,procurement,60f5e38e-c0d0-5ef4-baea-c7aae0403c1e,38893.34,0.00,70268.85,SYNTHETIC procurement SYN-PROC-2026-0179,synthetic
b6a72e7a-e3c1-5113-8b57-a4457b804671,ecc35567-845f-5270-94b0-5bb499ce1ffe,2026-05-14,procurement,procurement,c69556b5-bb99-5cee-8bfa-d2535a745bf2,33473.55,0.00,71691.88,SYNTHETIC procurement SYN-PROC-2026-0180,synthetic
93d6f04c-fe29-531a-ba3d-255bb1b53e50,01213c68-e6ce-5141-84ed-04d7577bbec7,2026-03-07,procurement,procurement,19e27314-2906-5f3f-86b0-21cd3b9a917b,35629.99,0.00,125065.01,SYNTHETIC procurement SYN-PROC-2026-0183,synthetic
f65a56ff-f077-5225-9004-3e8dcd561681,4a3307b7-74ab-512f-8369-aeb5f02cb65c,2026-02-06,procurement,procurement,ab83da93-8654-5105-ad06-ad6729b5ea09,27637.79,0.00,119265.53,SYNTHETIC procurement SYN-PROC-2026-0184,synthetic
3a3b333c-8495-588e-bbdf-02ecc2844492,7b13273e-85cd-5a8d-b67c-44f706f6957e,2026-03-21,procurement,procurement,3e3c5599-9ec1-57e1-872e-2c5baba1492b,18173.19,0.00,171006.60,SYNTHETIC procurement SYN-PROC-2026-0185,synthetic
89114636-f5a8-5069-b3b6-dac8d5989c24,01213c68-e6ce-5141-84ed-04d7577bbec7,2026-03-16,procurement,procurement,4b7000bc-b9e0-51e9-82c7-a639e21e1407,19371.00,0.00,144436.01,SYNTHETIC procurement SYN-PROC-2026-0186,synthetic
b2b5b93e-d810-5655-b4af-ffb1bca3d036,70ccacd5-972a-50c6-a77d-585aefc9e7b9,2026-04-07,procurement,procurement,86b55f4f-64a0-506e-8908-92ab8c860b25,28859.97,0.00,148839.77,SYNTHETIC procurement SYN-PROC-2026-0187,synthetic
fab9cbb4-1eaf-57f9-9535-ef34c9a01cff,94dd0a69-bd62-5b21-9ecd-debd59365206,2026-03-17,procurement,procurement,b81bef26-fecd-5367-b8e7-a1b24fd9dcff,36278.34,0.00,107159.84,SYNTHETIC procurement SYN-PROC-2026-0188,synthetic
0ffdf69b-5847-50d6-b47f-cf89b80f4876,5ab7d3e2-e9cc-5859-bdbc-46f09de27fa8,2026-04-28,procurement,procurement,db2283d1-c24a-550e-8488-c699b8768e95,28197.47,0.00,76352.80,SYNTHETIC procurement SYN-PROC-2026-0189,synthetic
645f96ae-a914-5a06-ad6f-145c5483c1a7,4f82da27-704a-56cf-99b4-1c72eb8cafd6,2026-02-16,procurement,procurement,d80325a9-7dc4-5e82-b6f8-c87ecc788fcb,37479.21,0.00,62773.11,SYNTHETIC procurement SYN-PROC-2026-0190,synthetic
f4de0ba3-94bb-551e-bb2f-3d52c9e8a66f,23433e80-4b4d-5fc9-828c-d1237653f7e8,2026-02-19,procurement,procurement,60662f74-bcd6-50c0-b50e-70f6a6d552c3,22364.27,0.00,48800.33,SYNTHETIC procurement SYN-PROC-2026-0191,synthetic
b7ddcf8e-ad4c-5b2e-8625-01da95cf0c2f,01213c68-e6ce-5141-84ed-04d7577bbec7,2026-01-14,procurement,procurement,e3f202e4-1eb7-5b08-b7cd-8a802d9f342f,15171.33,0.00,159607.34,SYNTHETIC procurement SYN-PROC-2026-0192,synthetic
4d945f4b-94f3-531f-8938-92dc7e98c672,b293a166-efff-5a60-bd1c-ff7065fc3cf3,2026-02-04,procurement,procurement,b308e457-e391-5c45-90c9-eb004d22ef2d,26827.44,0.00,42925.12,SYNTHETIC procurement SYN-PROC-2026-0194,synthetic
8ebf0b78-b01c-5a4c-a64f-aa8252bbbd99,d0948db4-f218-5454-8105-b6f888e98eb2,2026-05-02,procurement,procurement,e58dfab4-8885-5b14-a226-a67b3d03f3dc,6591.32,0.00,78229.86,SYNTHETIC procurement SYN-PROC-2026-0195,synthetic
be695235-50d0-5544-b196-91525073352e,9e0bcbe3-5678-5b4b-a6a5-64520cb23ff4,2026-05-11,procurement,procurement,64f9c1d7-e045-562e-ad05-28c3b62bafc9,15728.11,0.00,78443.60,SYNTHETIC procurement SYN-PROC-2026-0196,synthetic
73fe3e39-089e-5e69-868a-aad1786becf2,9e0bcbe3-5678-5b4b-a6a5-64520cb23ff4,2026-06-19,procurement,procurement,f4d3fcb7-bc15-5593-8aab-ba58596628fb,25300.19,0.00,103743.79,SYNTHETIC procurement SYN-PROC-2026-0197,synthetic
00ae3b84-adc0-5106-9553-b98e0489afca,9febcfb4-314c-5159-89a9-f56738306649,2026-06-28,procurement,procurement,9a82bcb8-127b-5fe2-9f5d-a640f2f505bc,5790.79,0.00,89524.39,SYNTHETIC procurement SYN-PROC-2026-0198,synthetic
1ce3f6ae-c5af-56c4-b3c6-6c59495581fa,2710acc5-cd4c-5876-ad24-d5416cd040b5,2026-05-16,procurement,procurement,6cf25883-e30a-58a4-b381-51acfb50f7f5,14492.12,0.00,45409.86,SYNTHETIC procurement SYN-PROC-2026-0199,synthetic
fbd406fb-9ff9-58f9-9046-3990f78e48fe,d3672b5a-1ab8-5a43-86e4-2f1f8a684393,2026-06-04,procurement,procurement,59da95ae-cedc-5533-a26d-88ae11a1c460,14950.70,0.00,112329.10,SYNTHETIC procurement SYN-PROC-2026-0200,synthetic
d561cd04-70f6-5e76-88be-51021917f1cd,fd7b88af-a07a-5185-8b8f-ef310c498b74,2026-05-16,adjustment,farmer_payment,e35fa16d-4064-5011-9929-00daaa14d288,0.00,22074.81,58301.60,SYNTHETIC payment SYN-FPAY-2026-001,synthetic
4d10e0c2-c2b5-5f20-b22e-916ebfbd7c91,5ab7d3e2-e9cc-5859-bdbc-46f09de27fa8,2026-06-05,adjustment,farmer_payment,215296b4-bfb6-54fd-9f21-d734b1396e1c,0.00,13929.71,62423.09,SYNTHETIC payment SYN-FPAY-2026-002,synthetic
c447e25d-91de-51dd-97f7-ff023440a7e0,62da20c7-3d66-5a59-8ced-4312314e393c,2026-04-17,advance,farmer_payment,50a2faac-1c1f-5cc8-93de-2ccaa0975b2e,0.00,10666.97,184818.26,SYNTHETIC payment SYN-FPAY-2026-003,synthetic
33c8cd66-101c-575b-965d-7d0c88d504ca,e1718eba-bbf2-599a-a144-583cf98a23d3,2026-03-18,adjustment,farmer_payment,be1a3656-53f1-5cd8-8aaf-6efd8ee4edc1,0.00,10148.60,28562.53,SYNTHETIC payment SYN-FPAY-2026-004,synthetic
7b35e7f8-f720-5d1d-8a1f-023bd1aa94b8,7b13273e-85cd-5a8d-b67c-44f706f6957e,2026-06-09,advance,farmer_payment,d53c1491-4336-54ab-aa01-f3673fbc3b11,0.00,16031.76,154974.84,SYNTHETIC payment SYN-FPAY-2026-005,synthetic
840c0519-cdb5-58e5-82f4-593613c6d277,41a010ef-e1a9-552a-824a-ac8b5bc6a4e6,2026-05-10,final,farmer_payment,5dccd7a3-b886-5b5f-bba9-9143c07c503f,0.00,7171.94,84402.06,SYNTHETIC payment SYN-FPAY-2026-006,synthetic
8c6783a8-136c-55c3-a020-cce3b411f825,ecc35567-845f-5270-94b0-5bb499ce1ffe,2026-02-23,final,farmer_payment,d2ca7f06-61b8-5ec9-9f4b-8738e3c4bc01,0.00,18214.73,53477.15,SYNTHETIC payment SYN-FPAY-2026-007,synthetic
362aabdd-813d-5633-b006-4719e34f0610,d34fb40d-0a1f-5dfe-9afb-803175d24e26,2026-05-26,final,farmer_payment,c9d46c04-b902-5aa0-a000-4bc20fa3e8a2,0.00,18598.28,-18598.28,SYNTHETIC payment SYN-FPAY-2026-008,synthetic
75371da0-500e-5d43-82fb-54ace504beee,24aff973-7678-5689-a9ed-67f64a577d80,2026-06-18,final,farmer_payment,17f02a0d-f123-5a51-a260-6d407d8040d9,0.00,10732.97,146852.40,SYNTHETIC payment SYN-FPAY-2026-009,synthetic
d30adddc-19a9-5fff-a1fc-b3d2ae883989,fd7b88af-a07a-5185-8b8f-ef310c498b74,2026-02-10,adjustment,farmer_payment,4970e156-1df6-584f-9a05-ae00231b9881,0.00,2967.53,55334.07,SYNTHETIC payment SYN-FPAY-2026-010,synthetic
a3c5d9bf-f6af-5b47-b96a-c2776eda390f,d34fb40d-0a1f-5dfe-9afb-803175d24e26,2026-04-21,final,farmer_payment,98a67f63-b152-53b2-b3e8-289fb877f010,0.00,7898.21,-26496.49,SYNTHETIC payment SYN-FPAY-2026-011,synthetic
3f318494-01ba-590f-b3f9-0380ed822a00,eab53f31-02a3-5c3b-8740-8ff1a7e4cff4,2026-05-09,adjustment,farmer_payment,15880876-47bc-5728-bda0-9334fe2d5953,0.00,23459.55,-4283.40,SYNTHETIC payment SYN-FPAY-2026-012,synthetic
6fb3e37c-bdcb-5db8-8d3b-cf1da50ee5aa,931f529a-503d-533c-bec3-adb440066644,2026-01-20,advance,farmer_payment,7ce78d2f-d572-56e5-9ee2-c05be420729b,0.00,19040.49,70404.14,SYNTHETIC payment SYN-FPAY-2026-013,synthetic
ac0e4764-bb82-5151-a34a-27c9fda3046f,5ab7d3e2-e9cc-5859-bdbc-46f09de27fa8,2026-06-17,advance,farmer_payment,e52210bd-97ed-52a0-a958-a0d628a69ed6,0.00,7190.45,55232.64,SYNTHETIC payment SYN-FPAY-2026-014,synthetic
8cd8435b-6fec-5803-a23d-eba2ee971025,24374f65-2e9d-5ebd-880d-31b313d58b99,2026-04-11,advance,farmer_payment,f991c269-834b-5b64-9639-ba3ad3a84a27,0.00,18499.24,-18499.24,SYNTHETIC payment SYN-FPAY-2026-015,synthetic
480651be-3d23-5afc-82c0-3a553bb7b4a5,fd7b88af-a07a-5185-8b8f-ef310c498b74,2026-02-01,advance,farmer_payment,d8b1834b-e6c4-5dec-bdd9-5eb0017e11e0,0.00,24183.93,31150.14,SYNTHETIC payment SYN-FPAY-2026-016,synthetic
05c74b92-eb7c-5f17-9566-eb5e2c20281c,7b13273e-85cd-5a8d-b67c-44f706f6957e,2026-04-16,final,farmer_payment,c6ad424c-2fa7-58ed-bd78-eb09a4be32a3,0.00,16962.39,138012.45,SYNTHETIC payment SYN-FPAY-2026-017,synthetic
17afc602-42ba-5c33-8dd1-130746cedb19,01213c68-e6ce-5141-84ed-04d7577bbec7,2026-06-02,advance,farmer_payment,43b17d5a-0ac1-5681-bb8d-75f62bf25c8e,0.00,22882.55,136724.79,SYNTHETIC payment SYN-FPAY-2026-018,synthetic
62e89e59-be2a-59f3-9b3a-dc7512ce9190,24aff973-7678-5689-a9ed-67f64a577d80,2026-02-18,advance,farmer_payment,8ac127af-ed2a-5063-8512-2c4b167e4f71,0.00,18989.79,127862.61,SYNTHETIC payment SYN-FPAY-2026-019,synthetic
65c9c6b3-268c-53b4-a672-bddc8fe21bb2,0423553d-c603-5259-85a2-df1e0b624403,2026-02-02,final,farmer_payment,ccc63e95-bbc2-5cca-92ea-12ee95478ed8,0.00,24934.95,29437.97,SYNTHETIC payment SYN-FPAY-2026-020,synthetic
d0408707-7f45-5707-9217-8b5a217fe646,5249407a-5f5a-5e28-831a-a633e8ff7efa,2026-06-28,advance,farmer_payment,3ee14cc9-0d04-5fed-8eda-3b5dd2f62693,0.00,23298.91,-23298.91,SYNTHETIC payment SYN-FPAY-2026-021,synthetic
b12d580f-94c9-5542-b5ad-c276b44f7607,9febcfb4-314c-5159-89a9-f56738306649,2026-05-20,final,farmer_payment,ced1a9c2-8318-5a4e-8219-c9c502d3c56b,0.00,4467.92,85056.47,SYNTHETIC payment SYN-FPAY-2026-022,synthetic
a561dd86-f06a-5908-aaca-ad2a3fa37b94,23433e80-4b4d-5fc9-828c-d1237653f7e8,2026-06-18,advance,farmer_payment,d844a767-245b-53c5-9e11-9770916fda00,0.00,14059.33,34741.00,SYNTHETIC payment SYN-FPAY-2026-023,synthetic
7157d207-c5f8-589a-a377-8456dd8431e8,23433e80-4b4d-5fc9-828c-d1237653f7e8,2026-03-07,final,farmer_payment,2bb147bb-11f1-5c19-a26d-cce431bac093,0.00,20602.72,14138.28,SYNTHETIC payment SYN-FPAY-2026-024,synthetic
fa933b64-a236-5645-8aac-d65940db08ba,a644c1da-b85e-589a-b228-ad30545a278e,2026-04-21,advance,farmer_payment,321d780b-750d-5687-9634-c655c4ffac21,0.00,7917.09,71507.74,SYNTHETIC payment SYN-FPAY-2026-025,synthetic
f8116570-5256-5a8f-9877-87c4286aa771,1867c2f1-cf69-59b2-a42e-d546b2128fb4,2026-03-26,adjustment,farmer_payment,3ea25dc7-701d-540e-a61a-0e16f669177a,0.00,8785.56,158030.70,SYNTHETIC payment SYN-FPAY-2026-026,synthetic
efcc372a-06f6-50e6-b1e6-522906aebb34,5249407a-5f5a-5e28-831a-a633e8ff7efa,2026-05-28,final,farmer_payment,10b129d4-af9b-5555-b643-fb9e85e1a391,0.00,16690.69,-39989.60,SYNTHETIC payment SYN-FPAY-2026-027,synthetic
d2bf242d-79f1-5e43-894a-853e90e01763,9e0bcbe3-5678-5b4b-a6a5-64520cb23ff4,2026-03-03,advance,farmer_payment,c6f7acfb-91b0-5f70-ae48-7280763b9934,0.00,11219.16,92524.63,SYNTHETIC payment SYN-FPAY-2026-028,synthetic
ae23f8a5-b463-51f6-8ad4-99bb1519375e,931f529a-503d-533c-bec3-adb440066644,2026-04-11,advance,farmer_payment,187c7dbc-41a9-5adc-baf0-f1e6afd21f20,0.00,23523.98,46880.16,SYNTHETIC payment SYN-FPAY-2026-029,synthetic
45d0b048-fa2c-54a8-b5c2-5d4d4b46f180,b9a7b8f1-c7d2-59de-976e-c64fa2dbf2ef,2026-02-15,final,farmer_payment,b80f34ac-c8b3-5cb6-8b0b-43f870c0e0b4,0.00,19336.40,69547.65,SYNTHETIC payment SYN-FPAY-2026-030,synthetic
